文本,来源,uId,结果
请打我队友想看我大勺嘛你咋不动了,,ed595f4c0134ca2266ad77d737eb4eef,通过
哥哥不要打我,,1e4e7768d447e773fb0c85f142bf2b1c,通过
陕西第一深情义父万古第一周瑜,,0c19e1fd855d533d8d24df2a1d27a0a5,通过
貂蝉戏吕布,,640e67a02468f5ab3a692ecb2a9c5876,通过
韩懿莹鲍飞姜承碌,,ece2171766ba72b9db26552f776b731c,通过
好的海绵宝宝下班了蟹老板林北叫派大星,,0c611a1962d336831afa64455b8b5ce9,通过
奉先小儿凤雏,,0cb398e09dd2ec0ba03c4fc113759b77,通过
猪哥,,86ac230c698c31aab3a0c1ef7868005c,通过
雾都袁华,,42181f83eea94ca0f95514cfe6b7ead5,通过
大肉b江东老大公瑾哥哥江东硬汉相父,,4fc5cbcbd2ece189a796f32105995b03,通过
那年我十八,,2a3567997dc493d292a6687a0b983853,通过
胆小菇,,e7844029224a37090ff37d0de02839c3,通过
你咋不动了请打我队友想看我大勺嘛,,ed595f4c0134ca2266ad77d737eb4eef,通过
神周瑜魔孙策仙曹仁鬼公孙瓒圣太史慈,,27c1bdd0294165a9d0a6c6e516a105ff,通过
雾都袁华,,42181f83eea94ca0f95514cfe6b7ead5,通过
专职送人头曰川刚板哈喇子,,adb24e139645efd9d7d8ef7114e9a018,通过
二营长的炮,,ad6e1f5547da92bd842167e4b29f15c1,通过
深浅考察员吃嫩跌一炮,,303651da57aa5e5611ce23c131801e5d,通过
三季稻,,3724cf33540e9de69dfed0f4747f355f,通过
万古第一周瑜陕西第一深情义父,,0c19e1fd855d533d8d24df2a1d27a0a5,通过
你真了不得,,6eda5981ba3bdd4affe5261e59ceb39f,通过
吃老夫一勺妹妹下面好痒,qcloud,d1e1798f8ba7cb096f414aa5ad5cb559,不通过
毐不疼送不了封不住暴不动清不掉,,8d4b8533dd4243a14a2d84e6478ae321,通过
老默快控叔叔快砸老海快叠叔叔快上哈哈护我,,32c38e6b62e6ed282d68ed2059807df8,通过
侧滑四马侧滑四蹀,,43840cb1d52da613711dcbdce08c6825,通过
人中吕布马中赤兔,,306050d50e69f87e17806376cb70d695,通过
三杯吐然诺赵客缦胡纓事了拂依去银安照白马吴鈎霜雪明,,73c0d07677b6a350c87a3e3adc6afe89,通过
小B哥小赵星小老衲小卡卡,,b50e2ea65e45c23b677957e97d7dc24a,通过
你真了不得,,6eda5981ba3bdd4affe5261e59ceb39f,通过
二营长的炮,,ad6e1f5547da92bd842167e4b29f15c1,通过
饮血真镰因陀罗之怒风王之瞳青铜御座湿婆业舞,,a70b1df5f921ccf99888d4cd9dfc0630,通过
转魄,,3d1adb550fb4b265d855fd08f8c855c8,通过
相父公瑾哥哥大肉b江东硬汉江东老大,qcloud,4fc5cbcbd2ece189a796f32105995b03,不通过
丶芙蓉王源,,a3fc4bfdca2abbcc9ca0f50c54078863,通过
俗人诸葛,,cc737f2b01dff1da8a16efed5ae03534,通过
猪哥,,86ac230c698c31aab3a0c1ef7868005c,通过
大肉b公瑾哥哥相父江东老大江东硬汉,,4fc5cbcbd2ece189a796f32105995b03,通过
鲍飞韩懿莹姜承碌,,ece2171766ba72b9db26552f776b731c,通过
丶芙蓉王源,,a3fc4bfdca2abbcc9ca0f50c54078863,通过
我像你die不,,4d3ba05129d015a26bb766baf098e32b,通过
清不掉封不住毐不疼暴不动送不了,,8d4b8533dd4243a14a2d84e6478ae321,通过
林北叫派大星下班了蟹老板好的海绵宝宝,,0c611a1962d336831afa64455b8b5ce9,通过
北念,,6586f0d441a1fe969950bf65fc2727e0,通过
侧滑四蹀侧滑四马,,43840cb1d52da613711dcbdce08c6825,通过
给孙策加减伤这是副C,,becd372062198edce57bd8269f78323a,通过
小卡卡小老衲小赵星小B哥,,b50e2ea65e45c23b677957e97d7dc24a,通过
吃老夫一勺妹妹下面好痒,qcloud,d1e1798f8ba7cb096f414aa5ad5cb559,不通过
哥哥不要打我,,1e4e7768d447e773fb0c85f142bf2b1c,通过
小老衲小卡卡小赵星小B哥,,b50e2ea65e45c23b677957e97d7dc24a,通过
小迷弟,,effbcb577360f2499499cdd9f3b80cc5,通过
山野村夫孔明人狠话不多不攻黄婉英闪击江东鼠辈,,07069777938c0b5f13ad2dde2359c7ef,通过
猪哥,,86ac230c698c31aab3a0c1ef7868005c,通过
猴赛雷吕布,,bf25113b8e7dbb023e1b19714789db80,通过
貂蝉戏吕布,,640e67a02468f5ab3a692ecb2a9c5876,通过
猪哥凉甄姬玐蔡,qcloud,e3a5e6b40846a4ac5e10a3bfe91d4083,不通过
魔孙策鬼公孙瓒神周瑜仙曹仁圣太史慈,,27c1bdd0294165a9d0a6c6e516a105ff,通过
愿者上大钩我叫刘波誓泗保卫,,163ece6c6d2525c6a7f01922db9d3c0d,通过
哈哈护我叔叔快上老海快叠叔叔快砸老默快控,,32c38e6b62e6ed282d68ed2059807df8,通过
丶芙蓉王源,,a3fc4bfdca2abbcc9ca0f50c54078863,通过
嘎嘎暴力,,c798db1a03293576b9de9a6dc7df616b,通过
二营长的炮,,ad6e1f5547da92bd842167e4b29f15c1,通过
王奉先,,af715e929959d0316b1cd4566ef31bd7,通过
胆小菇,,e7844029224a37090ff37d0de02839c3,通过
老海快叠叔叔快砸老默快控哈哈护我叔叔快上,,32c38e6b62e6ed282d68ed2059807df8,通过
11红7橙13红6橙9红8橙8红9橙你输的并不冤,,d3316ede09d1d4c8b66cabe47c18a74d,通过
我是孙策,,746012bda0142a889e733d5790dfcb2b,通过
貂蝉戏吕布,,640e67a02468f5ab3a692ecb2a9c5876,通过
我是孙策,,746012bda0142a889e733d5790dfcb2b,通过
小迷弟,,effbcb577360f2499499cdd9f3b80cc5,通过
我才是IKUN,,048ae50b02eb1b5481db1ab6d5200913,通过
飞云之上,,646702f74f64f02d4b6988534ce48c43,通过
嘎嘎暴力,,c798db1a03293576b9de9a6dc7df616b,通过
嘎嘎暴力,,c798db1a03293576b9de9a6dc7df616b,通过
吃嫩跌一炮深浅考察员,,303651da57aa5e5611ce23c131801e5d,通过
Buff叠加裆头一棒哒偷偷给你一刀火力打鸡全都不许冻,,f133d882d6f7128052c7749b4bdf4df0,通过
易推倒3年血赚身轻,,21305254460f349c07bd780e9c223597,通过
嘎嘎暴力,,c798db1a03293576b9de9a6dc7df616b,通过
吴鈎霜雪明事了拂依去三杯吐然诺银安照白马赵客缦胡纓,,73c0d07677b6a350c87a3e3adc6afe89,通过
胆小菇,,e7844029224a37090ff37d0de02839c3,通过
毐不疼封不住清不掉送不了暴不动,,8d4b8533dd4243a14a2d84e6478ae321,通过
身先士卒白马刮痧的泡泡龙救不了的庸医控不住的贝壳减怒的小丑,,173a7d2a2299237adae4e78268ddd3dd,通过
求你打我,,de5e0d0c61df81b14dfb115d958b8911,通过
我是孙策,,746012bda0142a889e733d5790dfcb2b,通过
打我快脆成纸别打我解不了一点控打不了一点控玄灵是个笨蛋,,d0228849495c093ae352d8229b3f1416,通过
11红7橙9红8橙你输的并不冤13红6橙8红9橙,,d3316ede09d1d4c8b66cabe47c18a74d,通过
我是孙策,,746012bda0142a889e733d5790dfcb2b,通过
控控控住,,146a35a3295ed6f160a0c4019e91a6a1,通过
闪击江东鼠辈人狠话不多不攻黄婉英山野村夫孔明,,07069777938c0b5f13ad2dde2359c7ef,通过
湿婆业舞青铜御座风王之瞳因陀罗之怒饮血真镰,,a70b1df5f921ccf99888d4cd9dfc0630,通过
三季稻,,3724cf33540e9de69dfed0f4747f355f,通过
俗人诸葛,,cc737f2b01dff1da8a16efed5ae03534,通过
易推倒身轻3年血赚,,21305254460f349c07bd780e9c223597,通过
圣太史慈仙曹仁神周瑜鬼公孙瓒魔孙策,,27c1bdd0294165a9d0a6c6e516a105ff,通过
呔牛仔呔鬼子呔紫霞呔臭脚呔泼猴,qcloud,39fe0399d009bc051ee1d65106bba66f,不通过
给我控核爆炸,,a55dffafb1e45b4d7ed34367113d982a,通过
嘎嘎暴力,,c798db1a03293576b9de9a6dc7df616b,通过
闪击江东鼠辈人狠话不多不攻黄婉英山野村夫孔明,,07069777938c0b5f13ad2dde2359c7ef,通过
轻点要来了,,1ea149a989268815994ce92c8d09d888,通过
太史扎,,663274fddd60727da097dfa6839088d3,通过
北念,,6586f0d441a1fe969950bf65fc2727e0,通过
好的海绵宝宝林北叫派大星下班了蟹老板,,0c611a1962d336831afa64455b8b5ce9,通过
小卡卡小老衲小赵星小B哥,,b50e2ea65e45c23b677957e97d7dc24a,通过
胆小菇,,e7844029224a37090ff37d0de02839c3,通过
雾都袁华,,42181f83eea94ca0f95514cfe6b7ead5,通过
嘎嘎暴力,,c798db1a03293576b9de9a6dc7df616b,通过
嘎嘎暴力,,c798db1a03293576b9de9a6dc7df616b,通过
呔泼猴呔臭脚呔紫霞呔鬼子呔牛仔,qcloud,39fe0399d009bc051ee1d65106bba66f,不通过
侠肝义胆沙悟,,ffbb80516f09f1acc9580c4e7fdc5a52,通过
孔丘孔伋孔丘仲尼荀况字卿,,731c9b1888bdb821cf8ab96fd4e9fd96,通过
孙大勺,,c1dd9f6cf6cb5bbd495f97421befd3f7,通过
枫花恋桃釢木香奈明鈤花绮罗河北省省花,,ca91e84bf27536ac9afa3645a7640fd2,通过
转魄,,3d1adb550fb4b265d855fd08f8c855c8,通过
丶芙蓉王源,,a3fc4bfdca2abbcc9ca0f50c54078863,通过
控控控住,,146a35a3295ed6f160a0c4019e91a6a1,通过
请打我队友你咋不动了想看我大勺嘛,,ed595f4c0134ca2266ad77d737eb4eef,通过
嘎嘎暴力,,c798db1a03293576b9de9a6dc7df616b,通过
信手斩龙灬,,8b08b6dce0865aac373648cd551c69c1,通过
刮痧的泡泡龙身先士卒白马救不了的庸医控不住的贝壳减怒的小丑,,173a7d2a2299237adae4e78268ddd3dd,通过
凤雏奉先小儿,,0cb398e09dd2ec0ba03c4fc113759b77,通过
我才是IKUN,,048ae50b02eb1b5481db1ab6d5200913,通过
3年血赚易推倒身轻,,21305254460f349c07bd780e9c223597,通过
俗人诸葛,,cc737f2b01dff1da8a16efed5ae03534,通过
我才是IKUN,,048ae50b02eb1b5481db1ab6d5200913,通过
裆头一棒哒Buff叠加偷偷给你一刀火力打鸡全都不许冻,,f133d882d6f7128052c7749b4bdf4df0,通过
唐玄奘诸葛亮卷帘大君孙坚,,0f58a9d573a338ca303fafa519a21329,通过
Wind,,68113077fbe3bde31fbad05aaee36ebb,通过
呔紫霞呔臭脚呔泼猴呔牛仔呔鬼子,qcloud,39fe0399d009bc051ee1d65106bba66f,不通过
转魄,,3d1adb550fb4b265d855fd08f8c855c8,通过
露露丽桑卓亚托克斯布隆,,99c4081e2852f633d769d330d7ca3bc8,通过
你输的并不冤9红8橙11红7橙8红9橙13红6橙,,d3316ede09d1d4c8b66cabe47c18a74d,通过
转魄,,3d1adb550fb4b265d855fd08f8c855c8,通过
轻点要来了,,1ea149a989268815994ce92c8d09d888,通过
动作片导演动作片演员动作片道具动作片指导,,a132d4f717249cbf1a0f62f179d67c8b,通过
神周瑜仙曹仁圣太史慈魔孙策鬼公孙瓒,,27c1bdd0294165a9d0a6c6e516a105ff,通过
雾都袁华,,42181f83eea94ca0f95514cfe6b7ead5,通过
风王之瞳因陀罗之怒饮血真镰湿婆业舞青铜御座,,a70b1df5f921ccf99888d4cd9dfc0630,通过
大氪一换一,,a7c4853b1c54628838e1920d5c9b7ce8,通过
孙大勺,,c1dd9f6cf6cb5bbd495f97421befd3f7,通过
专打菜鸡吕布太菜被狗骑,,f6858483332d386347fb06a933777eec,通过
吃你老子一棒舌战骂王朗挥师复江山,,a5c5fe7e366fb095a39b5c0988631485,通过
奉先小儿凤雏,,0cb398e09dd2ec0ba03c4fc113759b77,通过
鬼服猪脚亮,qcloud,ed9ea031166c942c2fab5df7a91855d4,不通过
恰同学少年风华正茂书生意气,,1874b57d0179e84046a7012d53eca115,通过
吃你老子一棒挥师复江山舌战骂王朗,qcloud,a5c5fe7e366fb095a39b5c0988631485,不通过
王奉先,,af715e929959d0316b1cd4566ef31bd7,通过
挥师复江山吃你老子一棒舌战骂王朗,,a5c5fe7e366fb095a39b5c0988631485,通过
凤雏奉先小儿,,0cb398e09dd2ec0ba03c4fc113759b77,通过
这是副C给孙策加减伤,,becd372062198edce57bd8269f78323a,通过
裆头一棒哒火力打鸡Buff叠加偷偷给你一刀全都不许冻,,f133d882d6f7128052c7749b4bdf4df0,通过
大氪一换一,,a7c4853b1c54628838e1920d5c9b7ce8,通过
老贼吃我一戟,,e0654eb510dd407d16c4ba2842ead41e,通过
宇宙无敌厉害,,5d9515a30066fe5ba3d77514a132c7ff,通过
姜承碌鲍飞韩懿莹,,ece2171766ba72b9db26552f776b731c,通过
孙大勺,,c1dd9f6cf6cb5bbd495f97421befd3f7,通过
嘎嘎暴力,,c798db1a03293576b9de9a6dc7df616b,通过
不是孙策不是周瑜不是孙坚不是公孙瓒,,ooslZs0w_9o0bi_o0h7_y-aAB0ck,通过
人狠话不多山野村夫孔明闪击江东鼠辈不攻黄婉英,,07069777938c0b5f13ad2dde2359c7ef,通过
你真了不得,,6eda5981ba3bdd4affe5261e59ceb39f,通过
孙大勺,,c1dd9f6cf6cb5bbd495f97421befd3f7,通过
北念,,6586f0d441a1fe969950bf65fc2727e0,通过
轻点要来了,,1ea149a989268815994ce92c8d09d888,通过
那年我十八,,2a3567997dc493d292a6687a0b983853,通过
好吃懒做,,c6abe319d19253b9d7d744e19fe1aa25,通过
愿者上大钩我叫刘波誓泗保卫,,163ece6c6d2525c6a7f01922db9d3c0d,通过
脆成纸别打我打我快解不了一点控打不了一点控玄灵是个笨蛋,,d0228849495c093ae352d8229b3f1416,通过
那年我十八,,2a3567997dc493d292a6687a0b983853,通过
人中吕布马中赤兔,,306050d50e69f87e17806376cb70d695,通过
桃釢木香奈枫花恋明鈤花绮罗河北省省花,,ca91e84bf27536ac9afa3645a7640fd2,通过
赵客缦胡纓银安照白马三杯吐然诺事了拂依去吴鈎霜雪明,,73c0d07677b6a350c87a3e3adc6afe89,通过
哥哥不要打我,,1e4e7768d447e773fb0c85f142bf2b1c,通过
侠肝义胆沙悟,,ffbb80516f09f1acc9580c4e7fdc5a52,通过
求你打我,,de5e0d0c61df81b14dfb115d958b8911,通过
好吃懒做,,c6abe319d19253b9d7d744e19fe1aa25,通过
王奉先,,af715e929959d0316b1cd4566ef31bd7,通过
侧滑四马侧滑四蹀,,43840cb1d52da613711dcbdce08c6825,通过
活到最后挨揍我这么厚的盾啊啊烫烫烫烫,,dd9346d87231d16c7d595e48c46d3f09,通过
三杯吐然诺事了拂依去吴鈎霜雪明赵客缦胡纓银安照白马,,73c0d07677b6a350c87a3e3adc6afe89,通过
专打菜鸡吕布太菜被狗骑,,f6858483332d386347fb06a933777eec,通过
荀况字卿孔丘仲尼孔丘孔伋,,731c9b1888bdb821cf8ab96fd4e9fd96,通过
闪击江东鼠辈不攻黄婉英人狠话不多山野村夫孔明,,07069777938c0b5f13ad2dde2359c7ef,通过
桃胡哥哥佶佶国王,xyzw_mix,878af253f19e9fcd3cf15508a7132b92,不通过
夜探桃源洞,,7eee1c8ac6bc80a9ad8fed307835fb49,通过
轻点要来了,,1ea149a989268815994ce92c8d09d888,通过
小老衲小赵星小B哥小卡卡,,b50e2ea65e45c23b677957e97d7dc24a,通过
北念,,6586f0d441a1fe969950bf65fc2727e0,通过
愿者上大钩我叫刘波誓泗保卫,,163ece6c6d2525c6a7f01922db9d3c0d,通过
鬼服猪脚亮,qcloud,ed9ea031166c942c2fab5df7a91855d4,不通过
桃釢木香奈河北省省花枫花恋明鈤花绮罗,,ca91e84bf27536ac9afa3645a7640fd2,通过
孙大勺,,c1dd9f6cf6cb5bbd495f97421befd3f7,通过
玄灵是个笨蛋解不了一点控脆成纸别打我打不了一点控打我快,,d0228849495c093ae352d8229b3f1416,通过
深浅考察员吃嫩跌一炮,,303651da57aa5e5611ce23c131801e5d,通过
飞云之上,,646702f74f64f02d4b6988534ce48c43,通过
这是副C给孙策加减伤,,becd372062198edce57bd8269f78323a,通过
貂蝉戏吕布,,640e67a02468f5ab3a692ecb2a9c5876,通过
北念,,6586f0d441a1fe969950bf65fc2727e0,通过
易推倒3年血赚身轻,,21305254460f349c07bd780e9c223597,通过
王奉先,,af715e929959d0316b1cd4566ef31bd7,通过
信手斩龙灬,,8b08b6dce0865aac373648cd551c69c1,通过
太菜被狗骑专打菜鸡吕布,qcloud,f6858483332d386347fb06a933777eec,不通过
鸡石更了咬,qcloud,be1766538352132586868316aaeafc64,不通过
给孙策加减伤这是副C,,becd372062198edce57bd8269f78323a,通过
胆小菇,,e7844029224a37090ff37d0de02839c3,通过
想看我大勺嘛请打我队友你咋不动了,,ed595f4c0134ca2266ad77d737eb4eef,通过
愿者上大钩我叫刘波誓泗保卫,,163ece6c6d2525c6a7f01922db9d3c0d,通过
全都不许冻偷偷给你一刀Buff叠加火力打鸡裆头一棒哒,,f133d882d6f7128052c7749b4bdf4df0,通过
飞云之上,,646702f74f64f02d4b6988534ce48c43,通过
信手斩龙灬,,8b08b6dce0865aac373648cd551c69c1,通过
好吃懒做,,c6abe319d19253b9d7d744e19fe1aa25,通过
打我啊暴击啊别被控啊,,1bbc63c9626e3607ca1824c918634181,通过
3年血赚身轻易推倒,,21305254460f349c07bd780e9c223597,通过
打我啊暴击啊别被控啊,,1bbc63c9626e3607ca1824c918634181,通过
送不了暴不动毐不疼封不住清不掉,,8d4b8533dd4243a14a2d84e6478ae321,通过
江东老大江东硬汉大肉b公瑾哥哥相父,,4fc5cbcbd2ece189a796f32105995b03,通过
鬼服猪脚亮,qcloud,ed9ea031166c942c2fab5df7a91855d4,不通过
嘎嘎暴力,,c798db1a03293576b9de9a6dc7df616b,通过
一梦一缭乱一箭一轻安一耶一菩提,,d48481174fe9fa8150935168acd3a31f,通过
真就不如我,,c70e2da43cda24dc7cdc4bba36d898bf,通过
丽桑卓露露亚托克斯布隆,,99c4081e2852f633d769d330d7ca3bc8,通过
13红6橙8红9橙11红7橙9红8橙你输的并不冤,,d3316ede09d1d4c8b66cabe47c18a74d,通过
好吃懒做,,c6abe319d19253b9d7d744e19fe1aa25,通过
河北省省花桃釢木香奈明鈤花绮罗枫花恋,,ca91e84bf27536ac9afa3645a7640fd2,通过
转魄,,3d1adb550fb4b265d855fd08f8c855c8,通过
减怒的小丑救不了的庸医身先士卒白马控不住的贝壳刮痧的泡泡龙,,173a7d2a2299237adae4e78268ddd3dd,通过
南阳布衣丶,,65a8b93f6c06bd51370cf633aa99d333,通过
誓泗保卫我叫刘波愿者上大钩,,163ece6c6d2525c6a7f01922db9d3c0d,通过
侧滑四马侧滑四蹀,,43840cb1d52da613711dcbdce08c6825,通过
鬼服猪脚亮,qcloud,ed9ea031166c942c2fab5df7a91855d4,不通过
爱进美人阴,,94280620a87e7f5437e7ffdfdb591b67,通过
马中赤兔人中吕布,,306050d50e69f87e17806376cb70d695,通过
太菜被狗骑专打菜鸡吕布,qcloud,f6858483332d386347fb06a933777eec,不通过
一梦一缭乱一箭一轻安一耶一菩提,,d48481174fe9fa8150935168acd3a31f,通过
飞云之上,,646702f74f64f02d4b6988534ce48c43,通过
侠肝义胆沙悟,,ffbb80516f09f1acc9580c4e7fdc5a52,通过
平天大圣佐罗,,feb5b552cb55812bad21557da18bc2df,通过
咋羽水仙,,0e912e36597cce3df27a969936283e3f,通过
动作片道具动作片演员动作片指导动作片导演,,a132d4f717249cbf1a0f62f179d67c8b,通过
二营长的炮,,ad6e1f5547da92bd842167e4b29f15c1,通过
對酒當歌,,93450120659d3555862b14ffebcee18c,通过
那年我十八,,2a3567997dc493d292a6687a0b983853,通过
二营长的炮,,ad6e1f5547da92bd842167e4b29f15c1,通过
迈阿密风云寸地尺天殿堂级肥臀潘多拉魔盒,,b54de51bad5a5ebe2fd938786b87a766,通过
唐玄奘诸葛亮卷帘大君孙坚,,0f58a9d573a338ca303fafa519a21329,通过
Buff叠加偷偷给你一刀全都不许冻裆头一棒哒火力打鸡,,f133d882d6f7128052c7749b4bdf4df0,通过
殿堂级肥臀迈阿密风云潘多拉魔盒寸地尺天,,b54de51bad5a5ebe2fd938786b87a766,通过
宇宙无敌厉害,,5d9515a30066fe5ba3d77514a132c7ff,通过
MiniDiva我队友呢来点作用啊,,57f6905ff8a43577275d07d567c11751,通过
信手斩龙灬,,8b08b6dce0865aac373648cd551c69c1,通过
太史扎,,663274fddd60727da097dfa6839088d3,通过
布隆亚托克斯丽桑卓露露,,99c4081e2852f633d769d330d7ca3bc8,通过
丽桑卓亚托克斯布隆露露,,99c4081e2852f633d769d330d7ca3bc8,通过
后厨师傅,,ab1c40e71552b6963db87f79347a610f,通过
鸡石更了咬,qcloud,be1766538352132586868316aaeafc64,不通过
一花大老婆四叶四老婆五月小老婆,,28ec882240e66689ab908b9ebb9a9b59,通过
轻点要来了,,1ea149a989268815994ce92c8d09d888,通过
1605瑜1605策1605慈1605坚,,fe44278d4757d6bb68108ac5c139a4d5,通过
我队友呢MiniDiva来点作用啊,,57f6905ff8a43577275d07d567c11751,通过
1605坚1605慈1605瑜1605策,,fe44278d4757d6bb68108ac5c139a4d5,通过
不是孙坚不是周瑜不是公孙瓒不是孙策,,ooslZs0w_9o0bi_o0h7_y-aAB0ck,通过
四叶四老婆一花大老婆五月小老婆,,28ec882240e66689ab908b9ebb9a9b59,通过
那年我十八,,2a3567997dc493d292a6687a0b983853,通过
奉先小儿凤雏,,0cb398e09dd2ec0ba03c4fc113759b77,通过
侠肝义胆沙悟,,ffbb80516f09f1acc9580c4e7fdc5a52,通过
动作片演员动作片导演动作片道具动作片指导,,a132d4f717249cbf1a0f62f179d67c8b,通过
身先士卒白马救不了的庸医减怒的小丑刮痧的泡泡龙控不住的贝壳,,173a7d2a2299237adae4e78268ddd3dd,通过
呀诸诸爱冲浪,,f00d0a4bf7eff8a68061c8417879c0c2,通过
太史扎,,663274fddd60727da097dfa6839088d3,通过
好吃懒做,,c6abe319d19253b9d7d744e19fe1aa25,通过
一耶一菩提一箭一轻安一梦一缭乱,,d48481174fe9fa8150935168acd3a31f,通过
天下丶泽,xyzw_mix,e90e28607172379c831bd628e699159b,不通过
太史扎,,663274fddd60727da097dfa6839088d3,通过
是呀心态健康就好,,d9a82e93bac40398e04dec3dc852bef5,通过
1605策1605瑜1605慈1605坚,,fe44278d4757d6bb68108ac5c139a4d5,通过
鸡石更了咬,qcloud,be1766538352132586868316aaeafc64,不通过
宸宸遥遥冷冷洋洋,,a3b4479e9f4b55044835dc6544423c67,通过
咋羽水仙,,0e912e36597cce3df27a969936283e3f,通过
动作片演员动作片道具动作片导演动作片指导,,a132d4f717249cbf1a0f62f179d67c8b,通过
宇宙无敌厉害,,5d9515a30066fe5ba3d77514a132c7ff,通过
寸地尺天迈阿密风云殿堂级肥臀潘多拉魔盒,,b54de51bad5a5ebe2fd938786b87a766,通过
吃你老子一棒挥师复江山舌战骂王朗,qcloud,a5c5fe7e366fb095a39b5c0988631485,不通过
怜鸿猷成梦,,2f34be2e94f7dd7118b53080a1725a2c,通过
孔丘仲尼荀况字卿孔丘孔伋,,731c9b1888bdb821cf8ab96fd4e9fd96,通过
夜探桃源洞,,7eee1c8ac6bc80a9ad8fed307835fb49,通过
王奉先,,af715e929959d0316b1cd4566ef31bd7,通过
不是周瑜不是孙策不是孙坚不是公孙瓒,,ooslZs0w_9o0bi_o0h7_y-aAB0ck,通过
活到最后挨揍我这么厚的盾啊啊烫烫烫烫,,dd9346d87231d16c7d595e48c46d3f09,通过
一梦一缭乱一箭一轻安一耶一菩提,,d48481174fe9fa8150935168acd3a31f,通过
孔丘仲尼孔丘孔伋荀况字卿,,731c9b1888bdb821cf8ab96fd4e9fd96,通过
只是帮我口真是我妹妹就做了一次没睡在一起没射在里面,qcloud,c9bd0eea17c25aad16d8e16e83fc2e70,不通过
吕奉先,,d904932f68d90bbbe25e7762a770c166,通过
太史扎,,663274fddd60727da097dfa6839088d3,通过
这一发叫思念美羊羊我爱你,,62756f6c340ca9f2c9e750832ae84e97,通过
枫花恋明鈤花绮罗桃釢木香奈河北省省花,,ca91e84bf27536ac9afa3645a7640fd2,通过
这是副C给孙策加减伤,,becd372062198edce57bd8269f78323a,通过
信手斩龙灬,,8b08b6dce0865aac373648cd551c69c1,通过
水仙咋羽,,0e912e36597cce3df27a969936283e3f,通过
挥师复江山舌战骂王朗吃你老子一棒,qcloud,a5c5fe7e366fb095a39b5c0988631485,不通过
真是我妹妹只是帮我口就做了一次没睡在一起没射在里面,qcloud,c9bd0eea17c25aad16d8e16e83fc2e70,不通过
呀诸诸爱冲浪,,f00d0a4bf7eff8a68061c8417879c0c2,通过
對酒當歌,,93450120659d3555862b14ffebcee18c,通过
金秀贤,,e74c293c82593596094771eea4dbdad7,通过
刮痧的泡泡龙控不住的贝壳身先士卒白马救不了的庸医减怒的小丑,,173a7d2a2299237adae4e78268ddd3dd,通过
怜鸿猷成梦,,2f34be2e94f7dd7118b53080a1725a2c,通过
真就不如我,,c70e2da43cda24dc7cdc4bba36d898bf,通过
专打菜鸡吕布太菜被狗骑,,f6858483332d386347fb06a933777eec,通过
爱进美人阴,,94280620a87e7f5437e7ffdfdb591b67,通过
别被控啊暴击啊打我啊,,1bbc63c9626e3607ca1824c918634181,通过
人中吕布马中赤兔,,306050d50e69f87e17806376cb70d695,通过
飞云之上,,646702f74f64f02d4b6988534ce48c43,通过
脆成纸别打我解不了一点控玄灵是个笨蛋打我快打不了一点控,,d0228849495c093ae352d8229b3f1416,通过
少林棍法早s早托生哥谭小丑儿,,f157d96f58233b759c28509c7e58949c,通过
鬼服猪脚亮,qcloud,ed9ea031166c942c2fab5df7a91855d4,不通过
卷帘大君孙坚唐玄奘诸葛亮,,0f58a9d573a338ca303fafa519a21329,通过
侠肝义胆沙悟,,ffbb80516f09f1acc9580c4e7fdc5a52,通过
后厨师傅,,ab1c40e71552b6963db87f79347a610f,通过
别被控啊打我啊暴击啊,,1bbc63c9626e3607ca1824c918634181,通过
不是周瑜不是孙坚不是孙策不是公孙瓒,,ooslZs0w_9o0bi_o0h7_y-aAB0ck,通过
打我快打不了一点控脆成纸别打我解不了一点控玄灵是个笨蛋,,d0228849495c093ae352d8229b3f1416,通过
爱进美人阴,,94280620a87e7f5437e7ffdfdb591b67,通过
真就不如我,,c70e2da43cda24dc7cdc4bba36d898bf,通过
这吕布真脆,,66d8c8b50c8e3beb840749e2bf331bfe,通过
怜鸿猷成梦,,2f34be2e94f7dd7118b53080a1725a2c,通过
五月小老婆四叶四老婆一花大老婆,,28ec882240e66689ab908b9ebb9a9b59,通过
一季稻四季稻五季稻二季稻郭老太香米,,49374e073f3fbe399667ac2f4e31ace1,通过
二秒吕布,,fc85ff7984f854b1b2ac1029a332ac49,通过
搓背师傅刘海柱,,7fd67320a374c1f34ddeffbf136bc74c,通过
1605策1605瑜1605慈1605坚,,fe44278d4757d6bb68108ac5c139a4d5,通过
天雷真君电积恶魂万法归一落樱神斧,,987ac8011d9b626f03f9ea685dd40931,通过
人中吕布马中赤兔,,306050d50e69f87e17806376cb70d695,通过
南阳布衣丶,,65a8b93f6c06bd51370cf633aa99d333,通过
一勺飞天,,681404c22e47811b2ce2b7ca1eeeeec5,通过
迈阿密风云殿堂级肥臀寸地尺天潘多拉魔盒,,b54de51bad5a5ebe2fd938786b87a766,通过
双枪贝吉塔泡泡dragon我还能解控控一下秋秋辣joker五月,,048ae50b02eb1b5481db1ab6d5200913,通过
玉面书生千鹤月上眉梢火舞狐假虎威坐等红杏大门愿者上钩巴神,qcloud,248615a7971cd5d208b55a3febffca8b,不通过
孔丘孔伋孔丘仲尼荀况字卿,,731c9b1888bdb821cf8ab96fd4e9fd96,通过
一勺飞天,,681404c22e47811b2ce2b7ca1eeeeec5,通过
wo丶旳丶約丶�丶錠丶,,0d0253637a0aea17615ba92f48531bc6,通过
刘海柱搓背师傅,,7fd67320a374c1f34ddeffbf136bc74c,通过
咋羽水仙,,0e912e36597cce3df27a969936283e3f,通过
南阳布衣丶,,65a8b93f6c06bd51370cf633aa99d333,通过
吕奉先,,d904932f68d90bbbe25e7762a770c166,通过
少林棍法早s早托生哥谭小丑儿,,f157d96f58233b759c28509c7e58949c,通过
一勺飞天,,681404c22e47811b2ce2b7ca1eeeeec5,通过
诸诸爱冲浪呀,,f00d0a4bf7eff8a68061c8417879c0c2,通过
四季稻一季稻五季稻二季稻郭老太香米,,49374e073f3fbe399667ac2f4e31ace1,通过
老铁救下还是那人,,e541890f75f284b80b451095e24bfc99,通过
需要保护的鱼,,84a8dbe91d1f43916a8f4813b6a3c1f7,通过
二秒吕布,,fc85ff7984f854b1b2ac1029a332ac49,通过
洋洋冷冷遥遥宸宸,,a3b4479e9f4b55044835dc6544423c67,通过
露露丽桑卓亚托克斯布隆,,99c4081e2852f633d769d330d7ca3bc8,通过
凉拌黄瓜散尿牛丸,,46b20b89f70620b2d69a5cec0edf3acc,通过
眩晕泥,,e572848588664e70b75f8cd9d9283338,通过
爱进美人阴,,94280620a87e7f5437e7ffdfdb591b67,通过
Toobad,,0f7d53a1117ca3f6b4899cd9ae26ed62,通过
爱进美人阴,,94280620a87e7f5437e7ffdfdb591b67,通过
万法归一天雷真君落樱神斧电积恶魂,,987ac8011d9b626f03f9ea685dd40931,通过
遥遥宸宸冷冷洋洋,,a3b4479e9f4b55044835dc6544423c67,通过
动作片导演动作片指导动作片演员动作片道具,,a132d4f717249cbf1a0f62f179d67c8b,通过
怜鸿猷成梦,,2f34be2e94f7dd7118b53080a1725a2c,通过
凉拌黄瓜散尿牛丸,,46b20b89f70620b2d69a5cec0edf3acc,通过
夜探桃源洞,,7eee1c8ac6bc80a9ad8fed307835fb49,通过
散尿牛丸凉拌黄瓜,,46b20b89f70620b2d69a5cec0edf3acc,通过
这吕布真脆,,66d8c8b50c8e3beb840749e2bf331bfe,通过
接化发不讲武德大意了没有闪,,453c5e670351d1049783ac921a062790,通过
君不见天上来奔流到海黄河之水不复回,,0241e685b34505c72cb643ce2132d1bd,通过
天蓝见云水清见鱼海深见鲸林深见鹿梦醒见你,,b927795f7da8cdc716078351164c3c45,通过
鸡石更了咬,qcloud,be1766538352132586868316aaeafc64,不通过
一花大老婆四叶四老婆五月小老婆,,28ec882240e66689ab908b9ebb9a9b59,通过
金秀贤,,e74c293c82593596094771eea4dbdad7,通过
诸诸爱冲浪呀,,f00d0a4bf7eff8a68061c8417879c0c2,通过
MiniDiva来点作用啊我队友呢,,57f6905ff8a43577275d07d567c11751,通过
美羊羊我爱你这一发叫思念,,62756f6c340ca9f2c9e750832ae84e97,通过
一梦一缭乱一箭一轻安一耶一菩提,,d48481174fe9fa8150935168acd3a31f,通过
活到最后100开局去世100流血免疫100冰冻免疫100被控几率100,platform,5108b320af89b6e8296619bdf75ae335,不通过
给零氪鱼绝育零氪鱼肆权加信手斬龍手打零氪鱼丸九霄寒,,324d5a56eb16577a3769bfec3d1cc7c9,通过
后厨师傅,,ab1c40e71552b6963db87f79347a610f,通过
啊啊烫烫烫烫我这么厚的盾活到最后挨揍,,dd9346d87231d16c7d595e48c46d3f09,通过
對酒當歌,,93450120659d3555862b14ffebcee18c,通过
眩晕泥,,e572848588664e70b75f8cd9d9283338,通过
此用户已成仙,,e545781fefc08a7a2fd5d80ad782466a,通过
對酒當歌,,93450120659d3555862b14ffebcee18c,通过
真就不如我,,c70e2da43cda24dc7cdc4bba36d898bf,通过
嘎了我求你了,qcloud,700572299a95759e5afc09cf53dd811b,不通过
索你女友命大傻春父母双亡,qcloud,04f2e006145d5f09bf2f12a1880d2801,不通过
在下吕小布,,395073d02cb9f7ba18f392e99912f2cf,通过
南阳布衣丶,,65a8b93f6c06bd51370cf633aa99d333,通过
錠丶約丶旳丶�丶wo丶,,0d0253637a0aea17615ba92f48531bc6,通过
打我啊暴击啊别被控啊,,1bbc63c9626e3607ca1824c918634181,通过
没射在里面就做了一次只是帮我口没睡在一起真是我妹妹,qcloud,c9bd0eea17c25aad16d8e16e83fc2e70,不通过
白给将军罪该vans姬你胎沒,,a932eda3d88ddeb63a928e3e66ae51e3,通过
水清见鱼海深见鲸梦醒见你天蓝见云林深见鹿,,b927795f7da8cdc716078351164c3c45,通过
这一发叫思念美羊羊我爱你,,62756f6c340ca9f2c9e750832ae84e97,通过
九霄寒信手斬龍给零氪鱼绝育手打零氪鱼丸零氪鱼肆权加,,324d5a56eb16577a3769bfec3d1cc7c9,通过
只是帮我口就做了一次没射在里面真是我妹妹没睡在一起,qcloud,c9bd0eea17c25aad16d8e16e83fc2e70,不通过
吕奉先,,d904932f68d90bbbe25e7762a770c166,通过
人间清流,,2c61924c1c2ba18fc145cf31baf253a7,通过
1605瑜1605慈1605坚1605策,,fe44278d4757d6bb68108ac5c139a4d5,通过
需要保护的鱼,,84a8dbe91d1f43916a8f4813b6a3c1f7,通过
我这么厚的盾啊啊烫烫烫烫活到最后挨揍,,dd9346d87231d16c7d595e48c46d3f09,通过
IU不错哟jennierosejisooLalisa,,724564c083c89b36176c2f2069e17268,通过
金秀贤,,e74c293c82593596094771eea4dbdad7,通过
寸地尺天潘多拉魔盒迈阿密风云殿堂级肥臀,,b54de51bad5a5ebe2fd938786b87a766,通过
电积恶魂天雷真君万法归一落樱神斧,,987ac8011d9b626f03f9ea685dd40931,通过
平天大圣佐罗,,feb5b552cb55812bad21557da18bc2df,通过
哥哥今晚好棒今晚睡五个王子请吃饭提裤子跑路公主请吃席,,83e6fcadfcc7168bd09c69b12d30e368,通过
零氪鱼肆权加给零氪鱼绝育信手斬龍手打零氪鱼丸九霄寒,,324d5a56eb16577a3769bfec3d1cc7c9,通过
凉拌黄瓜散尿牛丸,,46b20b89f70620b2d69a5cec0edf3acc,通过
不复回奔流到海天上来黄河之水君不见,,0241e685b34505c72cb643ce2132d1bd,通过
少林棍法哥谭小丑儿早s早托生,,f157d96f58233b759c28509c7e58949c,通过
四叶四老婆五月小老婆一花大老婆,,28ec882240e66689ab908b9ebb9a9b59,通过
不是孙策不是公孙瓒不是周瑜不是孙坚,,ooslZs0w_9o0bi_o0h7_y-aAB0ck,通过
book思议,,41d82bf644b73bdb558e2a546d74b4ad,通过
咋羽水仙,,0e912e36597cce3df27a969936283e3f,通过
旳丶wo丶約丶�丶錠丶,,0d0253637a0aea17615ba92f48531bc6,通过
这吕布真脆,,66d8c8b50c8e3beb840749e2bf331bfe,通过
村夫给点力,,0690a1443d2d24d74eda0575d4cc189b,通过
不讲武德接化发大意了没有闪,,453c5e670351d1049783ac921a062790,通过
后厨师傅,,ab1c40e71552b6963db87f79347a610f,通过
咸鱼不加盐鲨鱼不吃鱼麋鹿不迷路酒神不沾酒路飞不会飞,,659eea2064bfb752585092d743d02a54,通过
鸡石更了咬,qcloud,be1766538352132586868316aaeafc64,不通过
一季稻二季稻四季稻五季稻郭老太香米,,49374e073f3fbe399667ac2f4e31ace1,通过
梦醒见你海深见鲸水清见鱼林深见鹿天蓝见云,,b927795f7da8cdc716078351164c3c45,通过
二秒吕布,,fc85ff7984f854b1b2ac1029a332ac49,通过
佐罗平天大圣,,feb5b552cb55812bad21557da18bc2df,通过
天上来君不见奔流到海黄河之水不复回,,0241e685b34505c72cb643ce2132d1bd,通过
搓背师傅刘海柱,,7fd67320a374c1f34ddeffbf136bc74c,通过
眩晕泥,,e572848588664e70b75f8cd9d9283338,通过
天水姜伯约,,5e17e83434d610003d814b89824a5937,通过
wo丶�丶旳丶約丶錠丶,,0d0253637a0aea17615ba92f48531bc6,通过
對酒當歌,,93450120659d3555862b14ffebcee18c,通过
早s早托生哥谭小丑儿少林棍法,,f157d96f58233b759c28509c7e58949c,通过
人间清流,,2c61924c1c2ba18fc145cf31baf253a7,通过
此用户已成仙,,e545781fefc08a7a2fd5d80ad782466a,通过
公孙我先献祭别锤我锤公孙吕布快秒他鸭甄姬快解控鸭诸葛快控他鸭,platform,6475dee9535bd00634cb052ed51f204d,不通过
水清见鱼天蓝见云海深见鲸林深见鹿梦醒见你,,b927795f7da8cdc716078351164c3c45,通过
旳丶約丶錠丶wo丶�丶,,0d0253637a0aea17615ba92f48531bc6,通过
郭老太香米五季稻四季稻二季稻一季稻,,49374e073f3fbe399667ac2f4e31ace1,通过
唐玄奘诸葛亮卷帘大君孙坚,,0f58a9d573a338ca303fafa519a21329,通过
早s早托生少林棍法哥谭小丑儿,,f157d96f58233b759c28509c7e58949c,通过
人间清流,,2c61924c1c2ba18fc145cf31baf253a7,通过
愿者上钩巴神狐假虎威月上眉梢火舞坐等红杏大门玉面书生千鹤,qcloud,248615a7971cd5d208b55a3febffca8b,不通过
别急我先动瑜你快动一下亮我动一下动什么快点我去了你们动,,a5fe0d457dfe6eaa13e02274dac2dbbc,通过
MiniDiva我队友呢来点作用啊,,57f6905ff8a43577275d07d567c11751,通过
君不见黄河之水天上来奔流到海不复回,,0241e685b34505c72cb643ce2132d1bd,通过
一天俩猪蹄,,d0ece0fdf55769b68ceb64fd89e0052b,通过
泡泡dragon双枪贝吉塔我还能解控控一下秋秋辣joker五月,,048ae50b02eb1b5481db1ab6d5200913,通过
太小塞不进我要超大号,,33d958afe2002c3373dc138032b498fd,通过
魔都灬卧龙魔都灬伯圭魔都灬嫦娥魔都灬判官魔都灬奉先,,24d3bd84db25f25569d686c9ca64ad68,通过
夜探桃源洞,,7eee1c8ac6bc80a9ad8fed307835fb49,通过
真就不如我,,c70e2da43cda24dc7cdc4bba36d898bf,通过
二秒吕布,,fc85ff7984f854b1b2ac1029a332ac49,通过
吕奉先,,d904932f68d90bbbe25e7762a770c166,通过
呀诸诸爱冲浪,,f00d0a4bf7eff8a68061c8417879c0c2,通过
村夫给点力,,0690a1443d2d24d74eda0575d4cc189b,通过
活到最后挨揍我这么厚的盾啊啊烫烫烫烫,,dd9346d87231d16c7d595e48c46d3f09,通过
金秀贤,,e74c293c82593596094771eea4dbdad7,通过
这吕布真脆,,66d8c8b50c8e3beb840749e2bf331bfe,通过
双枪贝吉塔控一下秋秋辣泡泡dragon我还能解控joker五月,,048ae50b02eb1b5481db1ab6d5200913,通过
美羊羊我爱你这一发叫思念,,62756f6c340ca9f2c9e750832ae84e97,通过
遥遥冷冷洋洋宸宸,,a3b4479e9f4b55044835dc6544423c67,通过
怜鸿猷成梦,,2f34be2e94f7dd7118b53080a1725a2c,通过
别再控了快秒我别秒我了伪牛魔王根本动不了,,d9da9eec534a7f27bb29615c5dae0a05,通过
大意了没有闪接化发不讲武德,,453c5e670351d1049783ac921a062790,通过
宸宸遥遥冷冷洋洋,,a3b4479e9f4b55044835dc6544423c67,通过
质能转换造物绝对热点神话吕布世藏地佛绝对零度,,607d26d62ae6ff83c32d45d4ebcee733,通过
接化发大意了没有闪不讲武德,,453c5e670351d1049783ac921a062790,通过
这一发叫思念美羊羊我爱你,,62756f6c340ca9f2c9e750832ae84e97,通过
电积恶魂落樱神斧天雷真君万法归一,,987ac8011d9b626f03f9ea685dd40931,通过
父母双亡索你女友命大傻春,qcloud,04f2e006145d5f09bf2f12a1880d2801,不通过
眩晕泥,,e572848588664e70b75f8cd9d9283338,通过
凉拌黄瓜散尿牛丸,,46b20b89f70620b2d69a5cec0edf3acc,通过
万山萝卜的跌乱世的跌MCU的跌我就在这的跌快鱼的跌,,93d8818eb971342b91ad14001b840f48,通过
不讲武德接化发大意了没有闪,,453c5e670351d1049783ac921a062790,通过
一天俩猪蹄,,d0ece0fdf55769b68ceb64fd89e0052b,通过
路飞不会飞麋鹿不迷路鲨鱼不吃鱼酒神不沾酒咸鱼不加盐,,659eea2064bfb752585092d743d02a54,通过
满嘴跑火车满嘴顺口溜,,122d40f265fc26f37e85de4391d17946,通过
我队友呢来点作用啊MiniDiva,,57f6905ff8a43577275d07d567c11751,通过
吥平生不好斗布平生好解斗,,1527654785820192263a8661608559f6,通过
眩晕泥,,e572848588664e70b75f8cd9d9283338,通过
后厨师傅,,ab1c40e71552b6963db87f79347a610f,通过
南阳布衣丶,,65a8b93f6c06bd51370cf633aa99d333,通过
金秀贤,,e74c293c82593596094771eea4dbdad7,通过
一天俩猪蹄,,d0ece0fdf55769b68ceb64fd89e0052b,通过
在下吕小布,,395073d02cb9f7ba18f392e99912f2cf,通过
我兔子呢煎个蛋吧老吕对面怒了小飞棍来喽忍一下就两枪,,952ca0f0ba63571b4654da991a842d37,通过
夜探桃源洞,,7eee1c8ac6bc80a9ad8fed307835fb49,通过
真是我妹妹没睡在一起只是帮我口就做了一次没射在里面,qcloud,c9bd0eea17c25aad16d8e16e83fc2e70,不通过
joker五月我还能解控泡泡dragon控一下秋秋辣双枪贝吉塔,,048ae50b02eb1b5481db1ab6d5200913,通过
哥哥太棒了这是谁的爱将,,b10ba5fd495b3fe5e6453ccdfbd67e10,通过
索你女友命大傻春父母双亡,qcloud,04f2e006145d5f09bf2f12a1880d2801,不通过
天上来奔流到海不复回君不见黄河之水,,0241e685b34505c72cb643ce2132d1bd,通过
9891,platform,830fffbe5f62379b63f2c9b84610d76b,不通过
瑜你快动一下别急我先动亮我动一下动什么快点我去了你们动,,a5fe0d457dfe6eaa13e02274dac2dbbc,通过
book思议,,41d82bf644b73bdb558e2a546d74b4ad,通过
LalisarosejenniejisooIU不错哟,,724564c083c89b36176c2f2069e17268,通过
武侯派,,5d5388426869bd5fd60c225630764ad9,通过
神探狄仁杰,,21a317a33836b71db54c51caf652f655,通过
月上眉梢火舞玉面书生千鹤狐假虎威坐等红杏大门愿者上钩巴神,,248615a7971cd5d208b55a3febffca8b,通过
法号悟空,,c25f92741d6f83be73a579470268f073,通过
天雷真君万法归一电积恶魂落樱神斧,,987ac8011d9b626f03f9ea685dd40931,通过
哥哥太棒了这是谁的爱将,,b10ba5fd495b3fe5e6453ccdfbd67e10,通过
忍一下就两枪老吕对面怒了煎个蛋吧小飞棍来喽我兔子呢,,952ca0f0ba63571b4654da991a842d37,通过
神探狄仁杰,,21a317a33836b71db54c51caf652f655,通过
法号悟空,,c25f92741d6f83be73a579470268f073,通过
一勺飞天,,681404c22e47811b2ce2b7ca1eeeeec5,通过
四季稻五季稻郭老太香米一季稻二季稻,,49374e073f3fbe399667ac2f4e31ace1,通过
此用户已成仙,,e545781fefc08a7a2fd5d80ad782466a,通过
泡泡dragon我还能解控joker五月双枪贝吉塔控一下秋秋辣,,048ae50b02eb1b5481db1ab6d5200913,通过
吕奉先,,d904932f68d90bbbe25e7762a770c166,通过
月上眉梢火舞狐假虎威愿者上钩巴神玉面书生千鹤坐等红杏大门,qcloud,248615a7971cd5d208b55a3febffca8b,不通过
